title,url,content,source
[新聞] 視訊換臉工具以假亂真！詐騙暴增147%,https://www.ptt.cc/bbs/Bunco/M.1782731527.A.787.html,"視訊換臉工具以假亂真！詐騙暴增147% 專家提6點防範
https://3c.ltn.com.tw/news/66604
一款開源的「Deep-Live-Cam」軟體早在 2024 年便已爆紅，可以從一張照片中提取一個
人的臉部，並將其應用到即時網路攝影鏡頭視訊源上，意味著視訊時可以直接換上照片中
的人臉，但這套軟體如今被大量使用在詐騙上，資安專家提出 6 點防範措施。

「Deep-Live-Cam」軟體本身是一種娛樂，能換成自己喜愛人物的臉，也適用於內容創作
者的影片製作、遊戲實況主變換虛擬角色、影視產業用於後期特效，但外媒指出，該類型
「深偽」（DeepFake）詐騙案件呈現爆炸式成長，年增幅高達 147%。

常見的詐騙案例包括，取得公司高層的公開照片後，在視訊會議中冒充該主管，要求財務
人員匯款或提供敏感資料；於交友軟體、視訊中假冒他人進行情感詐騙；利用即時換臉冒
名開戶或取得視訊驗證；冒充政治人物或公眾人物進行假直播、發表假言論。

對於猖獗的「深偽」詐騙，資安專家提出以下 6 點防範措施：

1. 要求對方轉頭或變換角度：即時換臉技術在臉部大幅度轉動時，邊緣容易出現模糊或",ptt
[新聞] Steam實體禮物卡宣布停售！詐騙問題無解,https://www.ptt.cc/bbs/Bunco/M.1781221291.A.5A1.html,"Steam實體禮物卡宣布停售！Valve: 詐騙問題無解
https://3c.ltn.com.tw/news/66397
Valve確定將停止在實體零售通路販售「Steam 禮物卡」，這一消息已公布於官方支援網
頁，待現有庫存售完後，便會正式走入歷史。

Valve表示，做出這項決定的主因是詐騙問題始終無法有效遏止。近年來，不少詐騙集團
利用Steam實體禮物卡行騙，不僅影響Steam玩家，也讓許多一般民眾受害。

常見手法是誘騙受害者前往商店購買Steam禮物卡，再以各種理由要求提供卡片上的兌換
序號。一旦詐騙者取得序號，便能立即將卡內餘額轉走，受害者往往很難追回損失。

為了打擊這類詐騙，Valve過去其實已採取多項措施，包括與執法單位合作、在禮物卡上
增加警示訊息，以及限制實體禮物卡的販售範圍和數量。然而，Valve坦言，詐騙集團也
不斷調整手法，因此問題始終未能徹底解決。

現有庫存售完為止
Steam自2012年開始販售實體禮物卡，至今已有14年歷史。Valve預估，目前市面上的庫存
將於2026年底前陸續售罄，屆時實體Steam禮物卡將正式退出市場。不過玩家無須擔心，
已",ptt
[新聞] 運發局嚴正澄清！詐騙登假廣告運動課程,https://www.ptt.cc/bbs/Bunco/M.1781092076.A.109.html,"運發局嚴正澄清！詐騙人士登假廣告「運動中心課程招生」誘導加入LINE群

民眾切勿上當
https://www.storm.mg/article/11140348
近日經民眾反映，社群平台 Facebook 上出現名為「高雄市尚讚a」等非官方粉絲專頁，
以「大高雄運動上課好所在」「全區運動課程開始報名」為名，刊登付費廣告，宣稱提供
有氧、瑜珈、皮拉提斯、核心、飛輪、舞蹈、燃脂、游泳等課程，並以「點擊查課表」、
「瞭解詳情」等按鈕，誘導民眾點擊連結，加入不明 LINE 群組。高雄市政府運動發展局
（以下簡稱運發局）特此嚴正澄清，上開粉專及廣告均非運發局或各運動中心所發布，請
市民朋友務必提高警覺，切勿點擊、加入或提供任何個人資料。

運發局表示，本市運動中心及運動課程之相關訊息、報名與活動公告，僅透過下列官方管
道發布，請民眾認明：

‧官方臉書粉絲專頁：高雄市政府運動發展局(facebook.com/ksdkcg)

‧官方網站：高雄市政府運動發展局全球資訊網(
https://sports.kcg.gov.tw/)
‧各區運動中心：各運動中心之官方網站及官方社群帳號

凡非上述管道、",ptt
[新聞] 國際特赦組織指柬埔寨掃盪詐騙不彰　仍有數十園區運作,https://www.ptt.cc/bbs/Bunco/M.1781011130.A.5D9.html,"國際特赦組織指柬埔寨掃盪詐騙不彰　仍有數十園區運作

2026/6/8 22:29

（中央社金邊8日綜合外電報導）國際特赦組織今天發布報告指出，儘管柬埔寨當局已對
境內跨國詐騙園區進行數月掃蕩，但在已知的86個園區當中，僅24個遭政府關閉，仍有數
十個疑似詐騙中心仍在持續運作。

路透社報導，總部在英國的國際特赦組織（Amnesty International）在這份176頁報告當
中批評，柬埔寨政府的掃蕩許多常是被動行動或無效，或因為詐騙園區管理者顯然與警方
有勾結而效果減弱，例如有逃出的人表示，掃蕩期間他們曾被移往柬埔寨各地躲避查緝。

國際特赦組織在報告中說，其研究人員訪問了73名曾被迫關在柬埔寨詐騙園區的人士，他
們全都表示曾經經歷或目睹虐待情況，包括有6名女性稱自己遭到性侵。

國際特赦組織並指責柬埔寨當局將從詐騙園區逃離或獲釋的人當作非法移民對待，而非把
他們當作人口販運的被害人。

報告結論指出，柬埔寨對詐騙園區的掃盪在兩大關鍵方面皆失敗，無論是對一些最知名園
區的調查和關閉，或是對從園區逃離或被帶走的被害人提供保護和協助。

不過，柬埔寨政府發布聲明反駁國際特赦組織。",ptt
[資訊] AI時代的詐騙升級 我們如何自保,https://www.ptt.cc/bbs/Bunco/M.1780748863.A.573.html,"AI時代的詐騙升級 我們如何自保
https://www.epochtimes.com/b5/26/6/6/n14783102.htm
【大紀元2026年06月06日訊】（大紀元記者蔡溶 報導）在AI（人工智慧）爆炸式成長的
短短兩年間，詐騙也完成了自己的「科技升級」。從語音克隆、深偽影像、自動化聊天機
器人到數千個假投資平台，詐騙集團已經從過去的「粗糙話術」進化成真假難辨，甚至能
為你量身打造劇本卻成本極低的犯罪產業鏈。

FBI 近日通緝一名手持廣州公安證件、涉嫌詐騙在美中國留學生的華男，並呼籲民眾提供
線索。
FBI 近日通緝一名手持廣州公安證件、涉嫌詐騙在美中國留學生的華男，並呼籲民眾提供
線索。（FBI官網）
2026年3月12日，位於柬埔寨一處詐騙中心內，設有假冒的上海浦東警察局。
2026年3月12日，位於柬埔寨一處詐騙中心內，設有假冒的上海浦東警察局。（Lillian
SUWANRUMPHA / AFP via Getty Images）
全球都在面對同一場危機。FBI報告美國去年網路詐騙損失逼近210億美元，其中近9億美
元與AI相關；英國的機構也報告一年遭詐金額達9",ptt
[新聞] 新竹建商遭詐騙 現金、金條等6500萬泡湯,https://www.ptt.cc/bbs/Bunco/M.1780567721.A.047.html,"新竹建商遭詐騙 現金、金條等6500萬泡湯 瑞銀金條有編號 銀樓公會發海捕公告
https://news.ltn.com.tw/news/society/paper/1757379
新竹市一名邱姓建商陷入「假投資」詐騙，起初持現金面交投資，之後詐團得知他家中存
放有大量金條，還慫恿交付金條投資，總財損逾六千五百萬元，因該案為五千萬元以上的
重大詐騙案件，檢警單位已組專案小組積極偵辦中。

詐團得知家有金條 慫恿投資
邱姓建商被騙的六千五百萬中，有一千七百萬是用七十一條有編號的UBS黃金條塊交付，
總重約九十二台兩。由於瑞士銀行（UBS）發行的金條代表最高規格的品質保證，一般銀
樓收到不會鎔掉，所以為了協助警方破案，全國銀樓同業公會接獲新竹銀樓業者求助後，
昨天發出「海捕」公告，包括涉案金條序號清單，提醒各銀樓注意。

檢警調查，該名建商是在去年底加入一個投資股票的LINE群組，群組鼓吹「穩賺不賠、保
證獲利」，建商原欲依指示匯款進入對方指定的帳戶內，隨後都改以面交投資款；每次詐
團都相約在該建商住家附近公園等地點，派遣車手前往收取現金。

公會發序號清單 籲銀樓注意
詐團甚至得知該建商",ptt
[新聞] 新聞眼／踩在惡的那端 詐騙惡害深蝕不同,https://www.ptt.cc/bbs/Bunco/M.1780323101.A.71A.html,"新聞眼／踩在惡的那端 詐騙惡害深蝕不同年齡層
https://udn.com/news/story/124490/9535829
六十歲原是耳順之年，在經歷人生、社會歷練後，足以平靜聆聽別人所言、明辨是非，古
人的理想卻難套用在現實社會。六十歲以上高齡車手暴增，一時難以定論是「老人變壞」
，或是「壞人變老」，若非生存困難，誰會想在高齡還面臨牢獄之災，更顯詐騙集團惡害
已廣泛深蝕不同年齡層。


詐團中的車手角色，負責出面領收贓款，是詐騙產業鏈最底層、風險最高，但獲利最少的
角色，早年警方「斬手專案」企圖廣抓車手遏阻詐騙，但集團預設斷點以規避溯源，車手
如同免洗筷般用完就扔、落網即棄。


過去案例，詐團最常利用未成年人或失學年輕族群當車手，但未成年人被抓也會怕，他們
漸漸不願再充當「免洗筷」，加上詐騙危害防制條例也就利用未滿十八歲之人犯罪者加重
其刑，詐團才轉向吸收更好控制、不會質疑指令，且外表更「無害」的高齡者從事詐騙。


高齡車手暴增，第一線檢警有感，檢察官感慨「老人越來越多」，年邁弱勢、經濟困境者
，一般人看了都不忍苛責，檢方偵辦過程也是無奈又嗟嘆，就連要不要聲請羈押，都是煎
",ptt
[新聞] Meta AI曝公司主要營收是「中國詐騙廣告,https://www.ptt.cc/bbs/Bunco/M.1780322927.A.CD8.html,"Meta AI曝公司主要營收是「中國詐騙廣告」
https://news.ltn.com.tw/news/world/breakingnews/5456420
Meta公司旗下社群平台Threads測試「Meta AI」整合功能，吸引大批用戶標註「@meta.ai
」互動。由於Meta在台灣近年淪為詐騙等犯罪溫床，不少網友好奇詢問Meta AI相關問題
，結果它不僅「自首」公司營收確實是來自中國詐騙等違規廣告，還揭露中國金主如何投
放廣告，過於誠實的描述一出瞬間轟動全網。

據悉，Meta AI自今年5月28日上線後，不斷回應各種領域、內容千奇百怪的諸多問題。其
中，在繁體中文用戶的部分，陸續有人向Meta AI提問有關「中國詐騙廣告」、「Meta營
收多少來自中國和香港」、「明知道很多廣告是惡意詐騙，為何麼仍讓投放詐騙廣告」等
議題，Meta AI則像是吃了「誠實豆沙包」般，逐一詳細解釋背後原由。

Q：為什麼Meta要解散反詐團隊？
Meta AI表示，主要是受到「成本考量」跟「收入取捨」影響，Meta 規定打擊詐騙行動導
致的營收損失，不得超過0.15%、約1.35億美元（約新台",ptt
[新聞] 租屋詐騙新變種破解 3招破解假房東,https://www.ptt.cc/bbs/Bunco/M.1780049324.A.589.html,"租屋詐騙新變種破解：揭秘「先匯訂金優先看房」的心理陷阱，3 招識破假房東
https://reurl.cc/Q2kM2o
租屋詐騙新變種破解：揭秘「先匯訂金優先看房」的心理陷阱，3 招識破假房東

租屋市場詐騙手段再進化！網路上看到精美裝潢、租金卻遠低於行情的夢幻物件，小心是
詐騙陷阱。本文深度拆解「先匯款搶優先看房權」的心理戰術，整理最新假房東詐騙手法
與對話劇本。傳授 3 招防詐黃金守則，教你如何查驗產權、善用反向搜索，並附上受騙
後的緊急補救指南，助你在租屋攻防戰中保全資產、安心成家。

一、 前言：當找房焦慮撞上完美物件
在租屋族群的尋房過程中，最折磨人的往往不是搬家的勞頓，而是那種「好房子一轉眼就
被租走」的集體焦慮。隨著都市人口持續飽和，捷運周邊、科學園區附近的優質物件長期
處於供不應求的狀態。

當你在各大租屋社團、樂屋網或臉書粉專上，滑到一間生活機能絕佳、北歐風精美裝潢、
採光無敵，而且租金竟然只要市價的 7 折時，你的心跳是不是漏了一拍？

「運氣也太好了吧！這間不搶絕對會後悔。」——正是這種內心的狂喜與隨之而來的「
FOMO 焦慮（ Fear of Missing ",ptt
[資訊] OTP平台遭駭後，詐騙可能全面升級,https://www.ptt.cc/bbs/Bunco/M.1779965071.A.4FE.html,"OTP平台遭駭後，詐騙可能全面升級

轉貼自脆
https://www.threads.com/@wasitaiwanlan/post/DY268i-EjDQ
全民注意
【 OTP平台遭駭後，詐騙可能全面升級】
這次最可怕的，
不是只有電話或簡訊外流。
而是——
詐騙集團未來可能會知道你：
 最近有沒有辦護照
 有沒有看醫生
 用哪家銀行
 有沒有貸款
 最近有沒有收政府通知


接下來的詐騙，很可能會變成：「超級擬真版客製化詐騙」！

對方甚至能講出你最近真實生活資訊，讓人誤以為：「他真的知道我的資料！」

尤其家中長輩，
會是這波最危險的族群！

所以請大家務必：

不亂點簡訊連結

OTP驗證碼絕不提供

改用雙重驗證App

開啟銀行即時通知

接到客服電話先掛掉再自己重打

遇到「限時處理」先冷靜查證

 已整理成 10 張防詐圖卡

請幫忙分享給家人、長輩、朋友！
現在的詐騙，
最可怕的不是一看就假的。
而是：
「看起來完全像真的。」
多一人看到，少一人受害

--
Mr.
Raindrop, falling away from
me now.
/
/
∕︵︵︵︵︵︵︵﹨
",ptt
[新聞] 警示帳戶解除不須等不起訴書　遭詐騙惡意,https://www.ptt.cc/bbs/Bunco/M.1779964190.A.82A.html,"警示帳戶解除不須等不起訴書　遭詐騙惡意盜用可申請撤銷
https://www.cna.com.tw/news/asoc/202605270212.aspx
首頁 / 社會
警示帳戶解除不須等不起訴書　遭詐騙惡意盜用可申請撤銷
2026/5/27 15:12（5/27 18:42 更新）
示意圖。（中央社檔案照片）
（中央社記者黃麗芸台北27日電）媒體報導有民眾的帳戶因多25筆小額匯款，報警卻成警
示戶而卡死生活開銷。對此，刑事局今天表示，若符合遭詐團惡意報復等特殊要件者，可
檢具佐證文件向警方申請撤銷警示。

警政署刑事局下午透過新聞稿表示，關於近日媒體報導有民眾遭不明人士惡意發動多筆小
額匯款，導致其名下金融帳戶遭通報為警示並影響日常生活開銷，且提及「只能等到取得
不起訴處分書才可解除警示戶身分」等說法，部分內容實為誤解。

刑事局澄清說，為兼顧善意民眾的生活權益，現行警示帳戶救濟機制相當彈性，除不起訴
處分書等「司法判決確定」的解除要件外，若符合一般商業交易糾紛、三方詐騙案件、遭
詐騙集團惡意報復（如遭小額匯款騷擾）、存款帳戶遭盜（冒）用、行政程序或資料登錄
錯誤等特殊要件者。民眾",ptt
[資訊] AI讓商業電郵詐騙難辨識 企業如何應對,https://www.ptt.cc/bbs/Bunco/M.1779497459.A.542.html,"AI讓商業電郵詐騙難辨識 企業如何應對
https://www.epochtimes.com/b5/26/5/22/n14772628.htm
【大紀元2026年05月23日訊】

作者：Adam H. Douglas／張純之編譯

聯邦調查局（FBI）的報告指出，2025年網絡犯罪造成的損失超過200億美元，而商業電子
郵件詐騙（Business Email Compromise，BEC）是第二大攻擊方式，小型企業是其主要詐
騙目標。

BEC是一種定向詐騙手法，犯罪分子會冒充可信聯絡人，例如供應商、會計師，甚至公司
CEO，要求企業進行電匯、支付發票或更改銀行帳戶資訊，以此來竊取企業的資金。

而AI使這類攻擊更難被識破，因為它能生成高度個人化的郵件，模仿真實寫作風格與既有
商業關係，使企業難以辨識欺詐。

等到您意識到出問題時，匯出的錢通常已經消失。電匯資金一旦離開美國國內銀行系統，
幾乎無法追回。不過，有5項零成本的驗證步驟，可以幫助企業大幅降低風險。

與通常的釣魚詐騙有何不同
BEC並不是典型的釣魚郵件。通常不會出現可疑鏈接、不會拼錯銀行名稱，也不會有「中
了樂透」之類內容",ptt
[新聞] 今年84％詐騙案都Meta平台！打詐中心4方,https://www.ptt.cc/bbs/Bunco/M.1779496262.A.FBC.html,"今年84％詐騙案都Meta平台！打詐中心4方向防堵

Facebook、Threads不改演算法就「按人頭」重罰
https://reurl.cc/epoVnM
詐騙案件層出不窮，政府加強打詐，需要社群平台業者配合，行政院打擊詐欺指揮中心5
月20日點名Meta所屬社群平台詐騙內容氾濫，占從今年開始至4月底的詐騙案件數8成4。

打詐中心要求Meta立即主動修改演算法與偵測系統，若持續消極以對，將進行《詐欺犯罪
危害防制條例》再修正，提出相對應管制措施及罰則。



打詐中心指出，據刑事局統計，從今年1月1日至4月30日止，Meta所屬社群平台涉及詐騙
案件數為1萬4073件，案件占比為84.31％，總財損金額為13億6178萬1574元，財損占比為
86.2％。



此外，根據數發部「網路詐騙通報查詢網」最新資料顯示，過去7日的通報疑似詐騙訊息
數，有高達44827則的媒介是Facebook、6556則是Threads，皆為Meta平台所屬，合計占總
數約94.9%；再再顯示，Meta所屬社群平台仍是詐騙集團主要詐騙渠道。





▲數位發展部「網路詐騙通報查詢網」統計，近7日來",ptt
[新聞] 「假退稅通知」要填信用卡即是詐騙,https://www.ptt.cc/bbs/Bunco/M.1779429072.A.72A.html,"「假退稅通知」竟可退3萬　要填寫信用卡資料是詐騙
https://news.cts.com.tw/cts/life/202605/202605223034537.html
報稅退稅，千萬不要被騙！有民眾最近收到假冒財政部的退稅郵件，說民眾可領取3萬元
退稅，要求他填寫信用卡號等個資。

台灣事實查核中心提醒，這是典型的詐騙手法，強調國稅局不會透過簡訊或電子郵件主動
聯繫退稅，更不會要求民眾點擊連結或提供信用卡資料。真正的退稅，會在7月份,直接匯
入你的帳戶，你只會收到完成退稅的簡訊，不會要你填任何資料喔。

--
Mr.
Raindrop, falling away from
me now.
/
/
∕︵︵︵︵︵︵︵﹨
Mr. Raindrop, falling away form me now.
/
/
◢██◣
∥
/     /
Do you know how much you mean to me, why must you leave?
⊙
⊙
∥
I'm just a flower on a tree, why must you leave?
◢
▆
/
/
Mr.
Rai",ptt
[資訊] 發票中獎詐騙郵件頻傳，別點擊信中假連結,https://www.ptt.cc/bbs/Bunco/M.1779427842.A.E21.html,"剛剛同事收到了，還笑問我「這麼早就開始對發票了嗎？」

建議大家先看它寄件人，通常寄件人就很好分辨了。
--

發票中獎詐騙郵件頻傳，民眾千萬別點擊假連結！
財政部臺北國稅局表示，近日常有不法人士以財政部電子發票整合服務平台或知名購物平
台業者等名義，寄送電子郵件通知民眾雲端發票中獎，並偽造官方網站連結，誘騙民眾點
擊、輸入信用卡卡號等個人敏感資料，致民眾信用卡遭盜刷。

該局說明，中獎發票領獎無須提供信用卡資料，民眾收到類此電子郵件時，請務必確認寄
件者是否為財政部電子發票整合服務平台電子信箱（einvoice@einvoice.nat.gov.tw）或
購物平台業者之官方信箱，未確認正確官方網站前，請勿點擊信件中網址連結，也不要隨
意輸入信用卡卡號等金融資訊，避免遭詐。

該局舉例說明，民眾甲君收到1封主旨為「【○○購物網】雲端發票中獎通知」的電子郵
件，信件內附有網址連結，甲君不疑有他便點擊連結後進入網站，依網站指示輸入身分證
字號、信用卡卡號及有效日期等金融資訊進行身分核對，隨後網頁跳出「發送驗證碼以確
認帳戶」提示，並收到驗證碼簡訊，於網頁輸入驗證碼完成後，收到銀行通知刷卡交",ptt
[新聞] 又有詐騙！3C達人差點中招　非本人登入,https://www.ptt.cc/bbs/Bunco/M.1778813384.A.EC0.html,"又有最近詐騙！3C達人差點中招　「不是我本人登入」超逼真
https://www.ettoday.net/news/20260515/3166263.htm
記者劉維榛／綜合報導

又有最新詐騙！3C科技YouTuber Tim哥透露，收到一封假冒Facebook官方的通知信，內容
聲稱帳號出現異常登入，讓他差點點進去。對此，Tim哥提醒，收到這類信件千萬別急著
點按鈕，務必確認寄件網址，並直接登入自己的Facebook檢查帳號狀態，同時開啟雙重認
證保護帳號安全。

Tim哥在臉書粉專指出，他收到一封看似Facebook官方寄來的通知信，內容提到帳號疑似
有異常登入紀錄，還出現「不是我本人」等警告字眼，讓他當場超緊張，差點直接按下信
中的按鈕處理。

不過Tim哥冷靜後，決定先自行打開Facebook檢查登入紀錄，結果發現帳號根本沒有異常
。他隨後仔細查看信件寄件者，才發現寄件網址根本不是Facebook或Meta官方網域，這才
驚覺是一封釣魚詐騙信件。

Tim哥指出，這類詐騙最可怕的地方，就是故意利用使用者看到警告後的慌張心理，誘導
大家立刻點擊按鈕。一旦真的點進去，頁面就會要求",ptt
[新聞] 假寄鞋真寄卡 男子險淪詐騙人頭戶,https://www.ptt.cc/bbs/Bunco/M.1778568846.A.071.html,"假寄鞋真寄卡 男子險淪詐騙人頭戶
https://reurl.cc/2avldm
[NOWNEWS今日新聞] 臺中市一名男子深夜準備寄送包裹，聲稱寄的是「鞋子」，卻被巡邏
員警一句話當場拆穿。原來鞋子只是掩護，裡面竟藏有提款卡與密碼，幸好遇到雞婆員警
主動提醒查問，才成功阻止男子成為詐騙集團的人頭帳戶。

臺中市政府警察局第六分局西屯派出所警員陳鐸元、劉宥佐，於日前執行巡邏勤務，行經
轄內一處寄貨站時，發現一名男子正在店內準備寄送包裹便主動上前關心。員警起先詢問
寄送物品內容，男子一開始表示只是寄送「鞋子」，但員警憑藉過去處理詐騙案件的經驗
，隨口提醒：「確定是鞋子嗎？不是寄提款卡吧？很多詐騙都叫人把卡藏在包裹裡寄出去
。」沒想到這句話竟讓男子當場愣住，神情明顯慌亂，才坦承自己其實就是要寄送提款卡
。

員警隨即查看包裹內容，發現包裹內確實放有一雙鞋子，但鞋內藏有一張提款卡，且以紅
包袋包裝，紅包袋上更是寫有銀行帳號及密碼，經了解，該名梁姓男子（20歲）表示，因
想申請貸款，才會遭不明人士以話術誆稱需先寄送提款卡提供「審核」，待審核通過後，
貸款金額才會撥入指定帳戶，而梁男信以為真，才",ptt
[新聞] 網傳「漢坦病毒防疫國家隊」？疾署斥詐騙,https://www.ptt.cc/bbs/Bunco/M.1778568700.A.D82.html,"網傳「成立漢坦病毒防疫國家隊」？疾管署急闢謠：典型詐騙
https://newtalk.tw/news/view/2026-05-12/1034675
近期網路流傳政府成立「漢坦病毒防疫國家隊」並研發疫苗快篩，藉此炒作概念股的訊息
。疾病管制署今(12)日表示，此為冒用政府機關名義的典型投資詐騙，已通報相關單位迅
速下架貼文。疾管署強調，政府並無相關計畫，籲請民眾切勿輕信「內線消息」以免受騙
。

疾管署說明，近日在各大網路平台上，頻繁流傳所謂「漢坦病毒防疫國家隊」的不實訊息
與圖卡。這些內容妄稱政府即將啟動疫苗與快篩試劑的研發計畫，並藉機影射特定的相關
概念股將會受惠上漲。不僅如此，詐騙集團更惡意冒用衛生福利部以及國家衛生研究院的
名稱與Logo，企圖以假亂真，這些全部都是未經授權的不實資訊。

現正最夯：台中三級古蹟萬和宮遭蓄意 男子控推倒供桌、神尊落地被逮

疾管署指出，針對這類詐騙手法，相關貼文刻意使用「內線消息」、「概念股」等金融市
場常見的誘惑性話術，藉此誘導不知情的民眾透過私訊詢問投資標的，或是加入不明的投
資群組，這是一套非常典型的投資詐騙模式。疾管署在5月10日到5月",ptt
Re: [新聞] 銀行員神救援！替民眾擋下1694萬詐騙,https://www.ptt.cc/bbs/Bunco/M.1777354796.A.642.html,"※ 引述《petestar》之銘言
: 銀行員神救援！替民眾擋下1694萬詐騙款
:
https://today.line.me/tw/v3/article/MLj1e5Q
: 宜蘭縣今年7-8月，就有 49件詐騙案被銀行員神救援擋下，總金額高達 1694萬4674元！
: 詐騙手法排行榜：1 假投資 20件2 假交友 10件3 猜猜我是誰 9件4 假
: 網路購物 9件5 假冒公務機關 1件 其中一個案例是：詐騙集團假裝在網路賣東西，
: 要求買家去銀行設定轉帳。
: 遇到可疑狀況，馬上撥打 165反詐騙專線 或 110報案！保護荷包，記得冷靜查證再匯款
: ！
: ★立即關注《宜蘭新聞網》Line官網！宜蘭在地新聞訊息不漏接！★
: 銀行員神救援！替民眾擋下1694萬詐騙款
: 銀行員神救援！替民眾擋下1694萬詐騙款
: 銀行員神救援！替民眾擋下1694萬詐騙款
: 銀行員神救援！替民眾擋下1694萬詐騙款
: --
: Mr. Raindrop, falling away from me now.     /       /      ∕︵︵︵︵︵︵︵﹨
: Mr. Raind",ptt
[新聞] 從「話術」到「技術」！詐騙園區升級技術偷錢MaaS工具恐攻21,https://www.ptt.cc/bbs/Bunco/M.1777223060.A.4DC.html,"從「話術」到「技術」！詐騙園區升級技術偷錢MaaS工具恐攻21國

國際中心陳貞妤／綜合報導
2026-04-25 10:55:56

柬埔寨詐騙園區再被點名，這次已從「話術騙錢」升級成「技術偷錢」。網路安全研究指
出，西哈努克市K99凱旋城疑成「惡意軟體即服務」（MaaS）操作據點，詐騙分子即使不
懂高階駭客技術，也能靠外包式工具散布假網站、植入木馬，進一步竊取銀行帳戶、個資
，甚至生物辨識資料，讓東南亞詐騙產業鏈更加自動化、全球化。

美國網路安全公司Infoblox與越南非營利反詐組織Chong Lua Dao日前發布調查，追查到
一款Android銀行木馬，可能由多個詐騙據點操作，其中包括柬埔寨西哈努克市K99
Triumph City園區。研究團隊指出，這套平台會大量註冊仿冒網域，偽裝成銀行、政府機
關、稅務、社福或投資服務網站，誘使受害者下載惡意App。

傳統詐騙集團過去若要發動木馬攻擊，通常得依賴專業駭客協助；MaaS模式出現後，技術
門檻被大幅壓低。開發者負責寫程式、更新系統與維護後台，第一線詐騙人員只要購買網
域、發送連結，再引導受害者點入假網站，就能取得遠端控制手",ptt
